[{"model": "sessions.session", "pk": "mgiukx3wsj8pojb9olfa2bb8tic27ma0", "fields": {"session_data": ".eJxVjDsOwjAQBe_iGlm7Af8o6XMGy961cQDZUpxUiLuTSCmgnZn33sKHdSl-7Wn2E4urcOL0y2KgZ6q74Eeo9yap1WWeotwTedgux8bpdTvav4MSetnWWTOd86DAYuaokG3KkU3cELHOMATShAlMArSOUAFrA3hRAbJDIvH5Ag_uOIc:1vc19c:RqTWbKqQwYwLpu4vsPfJ8L2q_S5r20RP0dfOaxsPJWY", "expire_date": "2026-01-17T12:54:48.745Z"}}, {"model": "sessions.session", "pk": "tft31d1apwg81rufvosdyae9v6edhznp", "fields": {"session_data": ".eJxVjMEOwiAQRP-FsyHFLqx49N5vaBZ2K1UDSWlPxn-XJj3oYZLJvJl5q5G2NY1blWWcWV2VV6ffLFB8St4BPyjfi44lr8sc9F7RB616KCyv29H9O0hUU1tHREJnJmzGEHQMOJ2tQ-BgIUhsMh6MBWYECp6FQYzDTvrQX7xVny_mjzfo:1vVYlU:--SlElxOI3Aad0Q2dmDjUvXESK6joq_EbklCVHMfc9o", "expire_date": "2025-12-30T17:23:12.932Z"}}, {"model": "tickets.user", "fields": {"password": "pbkdf2_sha256$600000$0LH8ShA8fv6ET1tyUChGhM$zkphBTKL4CO0gq49GWBhuPVxk6cM65QfLpb4SR215g0=", "last_login": "2025-12-21T12:50:51Z", "is_superuser": false, "username": "Dyanuu_09", "is_staff": false, "is_active": true, "date_joined": "2025-12-06T04:44:04Z", "email": "bundedatta@gmail.com", "first_name": "Dyanu", "last_name": "Bunde", "full_name": "Dyanu Gajanan Bunde", "role": "employee", "phone": "8767721001", "department": "Web Developer", "created_at": "2025-12-06T04:44:05.489Z", "groups": [], "user_permissions": []}}, {"model": "tickets.user", "fields": {"password": "pbkdf2_sha256$600000$2McWS1lvUgoNUCbpQbGoNp$TPeTD66f9xqnE6ViKVh4+axcwDH61wimOofzO72a8WA=", "last_login": "2026-01-03T12:54:48.725Z", "is_superuser": true, "username": "Admin_09", "is_staff": true, "is_active": true, "date_joined": "2025-12-15T10:40:49Z", "email": "dambarevijay@gmail.com", "first_name": "Vijay", "last_name": "Dambare", "full_name": "Vijay Rajaram Dambare", "role": "admin", "phone": "9322355595", "department": "Platform Admin", "created_at": "2025-12-15T10:40:50.562Z", "groups": [], "user_permissions": []}}, {"model": "tickets.user", "fields": {"password": "pbkdf2_sha256$600000$F33fG1u7UURwbpxBTWJCGJ$Opfu+kCEp6Zmd/Kt5vu8Tgl/J5Lkypz1C0QtLpeC5+0=", "last_login": "2025-12-28T11:46:22.065Z", "is_superuser": false, "username": "Rutuwagh@09", "is_staff": true, "is_active": true, "date_joined": "2025-12-16T10:14:32Z", "email": "rutujawagh@gmail.com", "first_name": "Rutuja", "last_name": "Wagh", "full_name": "Rutuja Manik Wagh", "role": "hr", "phone": "7498786537", "department": "HR Manager", "created_at": "2025-12-16T10:23:12.635Z", "groups": [], "user_permissions": []}}, {"model": "tickets.user", "fields": {"password": "pbkdf2_sha256$600000$ux0w1yDkbKKZi7bYxglrcZ$wrxbpyeeX9dyuQMzP1cTRI2Ti0QcQ+oq9vwFwKi5zmg=", "last_login": "2025-12-21T13:11:33.793Z", "is_superuser": false, "username": "Lalitbhagat@99", "is_staff": false, "is_active": true, "date_joined": "2025-12-16T10:23:52Z", "email": "lalitbhagat@gmail.com", "first_name": "Lalit", "last_name": "Bhagat", "full_name": "Lalit Raju Bhagat", "role": "it_staff", "phone": "9978465790", "department": "Help Desk Technician", "created_at": "2025-12-16T10:28:15.644Z", "groups": [], "user_permissions": []}}, {"model": "tickets.user", "fields": {"password": "pbkdf2_sha256$600000$kfuzEqXIpaM0fcy4nK5uXW$ZyA29EZFHnyBoZQuMIlmDM/2vI5H54S1EeObEAfl3cs=", "last_login": "2025-12-21T13:07:10.471Z", "is_superuser": false, "username": "Dipak@12", "is_staff": false, "is_active": true, "date_joined": "2025-12-16T17:39:46Z", "email": "dipakkhamankar@gmail.com", "first_name": "Dipak", "last_name": "Khamankar", "full_name": "Dipak Harish Khamankar", "role": "employee", "phone": "7756475874", "department": "Python Developer", "created_at": "2025-12-16T17:39:47.757Z", "groups": [], "user_permissions": []}}, {"model": "tickets.user", "fields": {"password": "pbkdf2_sha256$600000$D57QBe2J6Qv0bo3hoPQ8eu$5a1gISfo8omqAWrkz3PQs5RUE+kpVoEK/dIVThPS26M=", "last_login": "2025-12-16T17:40:59Z", "is_superuser": false, "username": "Shubham@77", "is_staff": false, "is_active": true, "date_joined": "2025-12-16T17:40:47Z", "email": "shubham@gmail.com", "first_name": "Shubham", "last_name": "Rathod", "full_name": "Shubham Ramdas Rathod", "role": "it_staff", "phone": "8856473748", "department": "Site Reliability Engineer", "created_at": "2025-12-16T17:40:48.644Z", "groups": [], "user_permissions": []}}, {"model": "tickets.user", "fields": {"password": "pbkdf2_sha256$600000$gBnsuZu9YIkLKRyQWJppqZ$d1tQXm5sdbE5eKObw4KBo0xQshC7V5mcPLJ7dD1UxOU=", "last_login": "2025-12-18T04:22:02Z", "is_superuser": false, "username": "Akshay@_45", "is_staff": false, "is_active": true, "date_joined": "2025-12-18T10:18:23Z", "email": "akshayb4@gmail.com", "first_name": "Akshay", "last_name": "Band", "full_name": "Akshay Raju Band", "role": "employee", "phone": "8754364566", "department": "UI / UX Designer", "created_at": "2025-12-18T04:21:52.563Z", "groups": [], "user_permissions": []}}, {"model": "tickets.user", "fields": {"password": "pbkdf2_sha256$600000$Ouw7ekSvaCgSwy6cJvEA0A$zqTLiz1mLw8/taq4LgoQz6dhAR6LvrdtoAXZkTTopsg=", "last_login": "2025-12-21T13:03:19.418Z", "is_superuser": false, "username": "Sakshi_49", "is_staff": false, "is_active": true, "date_joined": "2025-12-02T10:20:28Z", "email": "sakshipatil@gmail.com", "first_name": "Sakshi", "last_name": "Patil", "full_name": "Sakshi shiva Patil", "role": "employee", "phone": "8876345562", "department": "Machine Learning Engineer", "created_at": "2025-12-18T04:24:03.017Z", "groups": [], "user_permissions": []}}, {"model": "tickets.user", "fields": {"password": "pbkdf2_sha256$600000$J3MwbJzrV0A6ysSB4ftFhX$6fJx9Lrriau2Zje2PChl7Gm76vCKZfpzb1WAUG8RHXw=", "last_login": "2025-12-21T13:20:49.765Z", "is_superuser": false, "username": "Ankit@4576", "is_staff": false, "is_active": true, "date_joined": "2025-10-15T10:21:32Z", "email": "ankitpatil@gmail.com", "first_name": "Ankit", "last_name": "Patil", "full_name": "Ankit Raj Patil", "role": "employee", "phone": "9087132467", "department": "Frontend Developer", "created_at": "2025-12-18T04:25:42.665Z", "groups": [], "user_permissions": []}}, {"model": "tickets.user", "fields": {"password": "pbkdf2_sha256$600000$EyCHkFPtZXBkQc3Le9cyN4$Cx25ve37qyKBv6uni8N3BkAUl8ZMsdEbWTVTsYsv+Js=", "last_login": "2025-12-18T04:27:49Z", "is_superuser": false, "username": "Sanvii96_", "is_staff": false, "is_active": true, "date_joined": "2025-11-11T04:27:38Z", "email": "sanviikumar33@gmail.com", "first_name": "Sanvii", "last_name": "Kumar", "full_name": "Sanvii Rajendra Kumar", "role": "employee", "phone": "9973267578", "department": "DevOps Engineer", "created_at": "2025-12-18T04:27:39.122Z", "groups": [], "user_permissions": []}}, {"model": "tickets.user", "fields": {"password": "pbkdf2_sha256$600000$AOoSoDXvSisq2fFWs4gtrn$7bw5CLFHajKIRNs3NMoviC8NvmtRlSZjKXcbpBJvNFA=", "last_login": "2025-12-21T12:44:51.316Z", "is_superuser": false, "username": "Swapnil_5_@", "is_staff": false, "is_active": true, "date_joined": "2025-12-01T04:29:27Z", "email": "swapnil915@gmail.com", "first_name": "Swapnil", "last_name": "Hissal", "full_name": "Swapnil Rajesh Hissal", "role": "it_staff", "phone": "8767453545", "department": "Cyber Security Analyst", "created_at": "2025-12-18T04:29:28.566Z", "groups": [], "user_permissions": []}}, {"model": "tickets.user", "fields": {"password": "pbkdf2_sha256$600000$nwDFoViqjk6ncNKMkOJWtx$ChYFJO80cmHVFOHuEzYE3DflRe22/7XoYrLJ1JbBH+0=", "last_login": "2025-12-21T13:18:15.354Z", "is_superuser": false, "username": "Jayant2_", "is_staff": false, "is_active": true, "date_joined": "2025-12-15T04:32:12Z", "email": "jayantjadhav@gmail.com", "first_name": "Jyant", "last_name": "Jadhav", "full_name": "Jayant Sunil jadhav", "role": "employee", "phone": "8875645645", "department": "UI / UX Designer", "created_at": "2025-12-18T04:32:13.475Z", "groups": [], "user_permissions": []}}, {"model": "tickets.user", "fields": {"password": "pbkdf2_sha256$600000$Yy1vqnF1Ozz9rZdoGshDkN$FUNvJznG/Eb0I58IqaamTOitA0Di5ZXWX/8YQg8GSBo=", "last_login": "2025-12-21T13:32:29.650Z", "is_superuser": false, "username": "Jeeya_09", "is_staff": false, "is_active": true, "date_joined": "2025-12-08T10:26:27Z", "email": "jeeyarathi45@gmail.com", "first_name": "Jeeya", "last_name": "Rathi", "full_name": "Jeeya Rajesh Rathi", "role": "employee", "phone": "9165846776", "department": "Full Stack Developer", "created_at": "2025-12-18T04:34:09.557Z", "groups": [], "user_permissions": []}}, {"model": "tickets.user", "fields": {"password": "pbkdf2_sha256$600000$2VkqqNmpx4mhQ8Xexz6GnP$alWx+V9ETXAJPHQsFwqcZUybAUw/yr4XDZXjzys6l78=", "last_login": "2025-12-21T13:22:05.996Z", "is_superuser": false, "username": "RushiHr@09", "is_staff": true, "is_active": true, "date_joined": "2025-10-14T10:28:14Z", "email": "rushiHr09@gmail.com", "first_name": "Rushikesh", "last_name": "Bawaskar", "full_name": "Rushikesh Rameshwar Bawaskar", "role": "hr", "phone": "9712674578", "department": "HR Executive", "created_at": "2025-12-18T10:10:01.425Z", "groups": [], "user_permissions": []}}, {"model": "tickets.user", "fields": {"password": "pbkdf2_sha256$600000$vt6um3RkzlZQLyfL4J1BOq$AFeJ+bkp2dvapKrBYMgEWb2RNzuFPizZNEeTicjeJu0=", "last_login": "2025-12-21T14:09:44.270Z", "is_superuser": false, "username": "Sruthi_211", "is_staff": false, "is_active": true, "date_joined": "2025-12-19T13:04:41Z", "email": "sruthi108@gmail.com", "first_name": "Sruthi", "last_name": "Veerma", "full_name": "Sruthi Ram Veerma", "role": "employee", "phone": "8867362895", "department": "Web Developer", "created_at": "2025-12-19T13:04:41.980Z", "groups": [], "user_permissions": []}}, {"model": "tickets.user", "fields": {"password": "pbkdf2_sha256$600000$mwphrbYDSb3IqaKV2QJm7C$E9k6G4EbdczTfiK47Ar5S+dTyTmAnB7E67UVWGiuRAg=", "last_login": "2025-12-21T14:14:49.132Z", "is_superuser": false, "username": "Surya@21", "is_staff": false, "is_active": true, "date_joined": "2025-12-19T13:52:29Z", "email": "Suryayadav@gmail.com", "first_name": "Surya", "last_name": "Yadav", "full_name": "Surya Venkatesh Yadav", "role": "employee", "phone": "9920348363", "department": "Java Developer", "created_at": "2025-12-19T13:52:29.718Z", "groups": [], "user_permissions": []}}, {"model": "tickets.user", "fields": {"password": "pbkdf2_sha256$600000$z91V92MvE73o4cJl8GJC5P$owBS6lZ48dB8QC5h1DN1ONoJ1ryPgOLEGdxf1ajE3x8=", "last_login": "2025-12-23T10:32:58Z", "is_superuser": false, "username": "Rashmika_04", "is_staff": false, "is_active": true, "date_joined": "2025-12-23T10:32:07Z", "email": "rashmika04@gmail.com", "first_name": "Rashmika", "last_name": "Yadav", "full_name": "Rashmika Raj Yadav", "role": "employee", "phone": "8756475674", "department": "UI / UX Designer", "created_at": "2025-12-23T10:32:08.129Z", "groups": [], "user_permissions": []}}, {"model": "tickets.user", "fields": {"password": "pbkdf2_sha256$600000$8oTGhOmvzpha6rk2FrM1Fg$eUX6BoWI/sOiul4t//CoexfHISf9ErMpRbec8XP5bJg=", "last_login": "2025-12-24T03:36:38Z", "is_superuser": false, "username": "Ompatil@11", "is_staff": false, "is_active": true, "date_joined": "2025-12-24T03:35:27Z", "email": "op83846@gmail.com", "first_name": "Om", "last_name": "Hursal", "full_name": "Om Bhagwat Hursal", "role": "employee", "phone": "8329465838", "department": "Python Developer", "created_at": "2025-12-24T03:35:28.864Z", "groups": [], "user_permissions": []}}, {"model": "tickets.user", "fields": {"password": "pbkdf2_sha256$600000$5ryJLxpZomqkEsPwbjvBUN$eaFMDWVlAFg4f6LZmmYjLj9bHC2deUbbT3Dd8SbyKX0=", "last_login": "2025-12-24T04:10:07Z", "is_superuser": false, "username": "Datta_512", "is_staff": false, "is_active": true, "date_joined": "2025-12-24T04:09:55Z", "email": "dattabunde09@gmail.com", "first_name": "Datta", "last_name": "Bunde", "full_name": "Datta Gajanan Bunde", "role": "employee", "phone": "8329098447", "department": "Web Developer", "created_at": "2025-12-24T04:09:56.368Z", "groups": [], "user_permissions": []}}, {"model": "tickets.user", "fields": {"password": "pbkdf2_sha256$600000$H9Dgp89sheVMTDjyBCpSwB$N9wW2cGdVuBhq/rbJpEOJBGhSPfqjIkB1LrPFJqiZoI=", "last_login": "2025-12-27T09:27:55Z", "is_superuser": false, "username": "pooja_31", "is_staff": false, "is_active": true, "date_joined": "2025-12-27T09:19:25Z", "email": "vohel72019@roratu.com", "first_name": "pooja", "last_name": "Yadav", "full_name": "pooja Yadav", "role": "employee", "phone": "5646789876", "department": "UI / UX Designer", "created_at": "2025-12-27T09:19:26.226Z", "groups": [], "user_permissions": []}}, {"model": "tickets.user", "fields": {"password": "pbkdf2_sha256$600000$p5gRgAH4Pl46B79WeDczl4$rafm0Ybn4XOOfzIQUAGSaabUNcdYranNquMh1JRmbKs=", "last_login": "2026-01-01T04:19:33.403Z", "is_superuser": false, "username": "Datta_345678", "is_staff": false, "is_active": true, "date_joined": "2026-01-01T04:19:28.184Z", "email": "Xyz@gmail.com", "first_name": "", "last_name": "", "full_name": "Datta", "role": "employee", "phone": "", "department": "", "created_at": "2026-01-01T04:19:28.667Z", "groups": [], "user_permissions": []}}, {"model": "tickets.user", "fields": {"password": "pbkdf2_sha256$600000$QWAzMDKdNT6GuAdxArz94j$u9g6vDwTHM0/ofMgTnypqrXxAaA4KZb4OqtmVH2kKGU=", "last_login": "2026-01-02T15:05:27.544Z", "is_superuser": false, "username": "xyz_349057", "is_staff": false, "is_active": true, "date_joined": "2026-01-02T15:05:19.814Z", "email": "yatibo7332@hudisk.com", "first_name": "", "last_name": "", "full_name": "xyzert", "role": "employee", "phone": "", "department": "", "created_at": "2026-01-02T15:05:20.986Z", "groups": [], "user_permissions": []}}, {"model": "tickets.user", "fields": {"password": "pbkdf2_sha256$600000$KT0OA7Jh9T5oiEmURSZ6Y4$eRL/3S946ULJw1LxkbPTyQSu3zjBJXSJ0hI2huHFhlc=", "last_login": "2026-01-03T04:36:49.753Z", "is_superuser": false, "username": "Datta_283746", "is_staff": false, "is_active": true, "date_joined": "2026-01-03T04:36:42.362Z", "email": "gb@gmail.com", "first_name": "", "last_name": "", "full_name": "Datta", "role": "employee", "phone": "", "department": "", "created_at": "2026-01-03T04:36:42.964Z", "groups": [], "user_permissions": []}}, {"model": "tickets.user", "fields": {"password": "pbkdf2_sha256$600000$Co5x99cZ1G8yHtxX7IoaD8$vmq1UA3uqAVfx6qFBoteBXKgufjaHH2FDPla9zBSQNo=", "last_login": "2026-01-03T04:48:01.273Z", "is_superuser": false, "username": "fghj_11234", "is_staff": false, "is_active": true, "date_joined": "2026-01-03T04:47:56.481Z", "email": "deyir97203@icousd.com", "first_name": "", "last_name": "", "full_name": "Da", "role": "employee", "phone": "", "department": "", "created_at": "2026-01-03T04:47:57.135Z", "groups": [], "user_permissions": []}}, {"model": "tickets.user", "fields": {"password": "pbkdf2_sha256$600000$Bwjqn9kwzgCp0IOd4lLBO6$2IIjTpD99wG9jne4JjIkNHgzB5VjBAPR/3fTZHe6y78=", "last_login": "2026-01-03T04:55:28.628Z", "is_superuser": false, "username": "dgfsrte_2344", "is_staff": false, "is_active": true, "date_joined": "2026-01-03T04:55:24.536Z", "email": "fiwej90684@icousd.com", "first_name": "", "last_name": "", "full_name": "datta", "role": "employee", "phone": "", "department": "", "created_at": "2026-01-03T04:55:25.065Z", "groups": [], "user_permissions": []}}, {"model": "tickets.user", "fields": {"password": "pbkdf2_sha256$600000$pMhGBKrvye5lKv4r1Q5wsU$zkdalL47ZjGvkqJvca/WoIQ6jlqWXvlgMJLSEO/5oHA=", "last_login": "2026-01-03T05:11:27.353Z", "is_superuser": false, "username": "fgry_4657", "is_staff": false, "is_active": true, "date_joined": "2026-01-03T05:11:16.330Z", "email": "vilese2863@hudisk.com", "first_name": "", "last_name": "", "full_name": "Datta", "role": "employee", "phone": "", "department": "", "created_at": "2026-01-03T05:11:16.830Z", "groups": [], "user_permissions": []}}, {"model": "tickets.user", "fields": {"password": "pbkdf2_sha256$600000$CwbjI47AwvjljAXWCW81xt$/Uj2eIbVXi5vUNrDT2CUObKHQyfCjQuw3QQHM8Dccy0=", "last_login": "2026-01-03T05:19:05.804Z", "is_superuser": false, "username": "user_8767", "is_staff": false, "is_active": true, "date_joined": "2026-01-03T05:19:01.416Z", "email": "halekov124@icousd.com", "first_name": "", "last_name": "", "full_name": "Datta", "role": "employee", "phone": "", "department": "", "created_at": "2026-01-03T05:19:01.946Z", "groups": [], "user_permissions": []}}, {"model": "tickets.user", "fields": {"password": "pbkdf2_sha256$600000$3QzAAQ9tlInGh0UZFU7qQN$xfLDBoHmaj1sgnIsyI0IaSEGhneReIJewFjmNdi3fiA=", "last_login": "2026-01-03T05:23:10.663Z", "is_superuser": false, "username": "dfcsgvr_4657", "is_staff": false, "is_active": true, "date_joined": "2026-01-03T05:23:03.762Z", "email": "matomi4942@hudisk.com", "first_name": "", "last_name": "", "full_name": "sagar", "role": "employee", "phone": "", "department": "", "created_at": "2026-01-03T05:23:04.278Z", "groups": [], "user_permissions": []}}, {"model": "tickets.user", "fields": {"password": "pbkdf2_sha256$600000$VfDqWszKkoBfKvme3sjx11$ORVXY+HvZLmb60h+7jm+FFUaqFDQ9C3uo27gL0mF+7o=", "last_login": "2026-01-03T05:26:09.602Z", "is_superuser": false, "username": "dsfrsf_756", "is_staff": false, "is_active": true, "date_joined": "2026-01-03T05:26:04.876Z", "email": "wisar12410@icousd.com", "first_name": "", "last_name": "", "full_name": "fghwq", "role": "employee", "phone": "", "department": "", "created_at": "2026-01-03T05:26:05.383Z", "groups": [], "user_permissions": []}}, {"model": "tickets.user", "fields": {"password": "pbkdf2_sha256$600000$sO48zntuffxtLSqdDORpEY$pm45hdk9yF2DpVHMhKQ6fgjcv/pOdXWvljLszTKAmlY=", "last_login": "2026-01-03T05:36:52.660Z", "is_superuser": false, "username": "fadsrr_7586", "is_staff": false, "is_active": true, "date_joined": "2026-01-03T05:36:48.295Z", "email": "gaxolog959@hudisk.com", "first_name": "", "last_name": "", "full_name": "Datta", "role": "employee", "phone": "", "department": "", "created_at": "2026-01-03T05:36:48.812Z", "groups": [], "user_permissions": []}}, {"model": "tickets.user", "fields": {"password": "pbkdf2_sha256$600000$0SFe3kHujQmok8QUd34CM0$tKMlHwHsCeacDKHpHM+EXNurLhA6k0xLofk5gXOtCyc=", "last_login": "2026-01-03T05:55:03.003Z", "is_superuser": false, "username": "Da_4657747", "is_staff": false, "is_active": true, "date_joined": "2026-01-03T05:54:57.076Z", "email": "posakiy699@icousd.com", "first_name": "", "last_name": "", "full_name": "Datta", "role": "employee", "phone": "", "department": "", "created_at": "2026-01-03T05:54:58.097Z", "groups": [], "user_permissions": []}}, {"model": "tickets.user", "fields": {"password": "pbkdf2_sha256$600000$Y2a6GSidHIAPrvEKEHJzWp$j6w9/ONa5dcZAu3PgUxbV+c5IY26tB/HUj98dW+7qIY=", "last_login": "2026-01-03T06:02:49.914Z", "is_superuser": false, "username": "dafd_564756", "is_staff": false, "is_active": true, "date_joined": "2026-01-03T06:02:44.505Z", "email": "lanona7595@hudisk.com", "first_name": "", "last_name": "", "full_name": "Dafdhk", "role": "employee", "phone": "", "department": "", "created_at": "2026-01-03T06:02:45.463Z", "groups": [], "user_permissions": []}}, {"model": "tickets.user", "fields": {"password": "pbkdf2_sha256$600000$KXbqGDPpnBVaviQTB5BZKW$O1SxexDcJ/XzuqbJplH7c+CgAQ5QSWxLifxMcL1Hmxw=", "last_login": "2026-01-03T06:18:04.005Z", "is_superuser": false, "username": "Datdg_098754", "is_staff": false, "is_active": true, "date_joined": "2026-01-03T06:09:36.634Z", "email": "xirol56693@icousd.com", "first_name": "", "last_name": "", "full_name": "ds", "role": "employee", "phone": "", "department": "", "created_at": "2026-01-03T06:09:37.619Z", "groups": [], "user_permissions": []}}, {"model": "tickets.user", "fields": {"password": "pbkdf2_sha256$600000$hoLH4Og51aJjg0PoEpXwlY$CR+cYfJQlE3JyTX3oDX+8nz+8TRJYBZ86G9CtIMRYsI=", "last_login": "2026-01-03T06:20:43.668Z", "is_superuser": false, "username": "Datta_978576", "is_staff": false, "is_active": true, "date_joined": "2026-01-03T06:20:36.683Z", "email": "xecegici@denipl.net", "first_name": "", "last_name": "", "full_name": "ds", "role": "employee", "phone": "", "department": "", "created_at": "2026-01-03T06:20:37.658Z", "groups": [], "user_permissions": []}}, {"model": "tickets.user", "fields": {"password": "pbkdf2_sha256$600000$d526NnhkwkYy0iW64qKUJv$5gRfwis4d+E9E/krX4Iqi18DDTa2BCl7xaN4ikFMp24=", "last_login": "2026-01-03T10:38:15.591Z", "is_superuser": false, "username": "Dat_96758", "is_staff": false, "is_active": true, "date_joined": "2026-01-03T08:14:50.504Z", "email": "vimohi3953@icousd.com", "first_name": "", "last_name": "", "full_name": "da", "role": "employee", "phone": "", "department": "", "created_at": "2026-01-03T08:14:51.446Z", "groups": [], "user_permissions": []}}, {"model": "tickets.user", "fields": {"password": "pbkdf2_sha256$600000$mLkENvcbDJXaaLrAooLIk1$Asc5DmiS8gFPujoSJNgapPwg+78nnpj+uJr6JEZ+wdo=", "last_login": "2026-01-03T10:49:16.146Z", "is_superuser": false, "username": "Da_6857658", "is_staff": false, "is_active": false, "date_joined": "2026-01-03T10:39:12.179Z", "email": "mogiv31509@icousd.com", "first_name": "", "last_name": "", "full_name": "ds", "role": "employee", "phone": "", "department": "", "created_at": "2026-01-03T10:39:13.208Z", "groups": [], "user_permissions": []}}, {"model": "tickets.user", "fields": {"password": "pbkdf2_sha256$600000$BKIhnjQTDdCwzUQ0bU3d7V$OAnSfxMol70dBmzFtEk7IaNc4TyemkmWFnhJ7DJrDFY=", "last_login": "2026-01-03T10:49:09.868Z", "is_superuser": false, "username": "Da_68576554", "is_staff": false, "is_active": false, "date_joined": "2026-01-03T10:42:42.364Z", "email": "yofalo1522@hudisk.com", "first_name": "", "last_name": "", "full_name": "ds", "role": "employee", "phone": "", "department": "", "created_at": "2026-01-03T10:42:43.339Z", "groups": [], "user_permissions": []}}, {"model": "tickets.user", "fields": {"password": "pbkdf2_sha256$600000$pPKL7d2p6LNlsFXOeSqMgN$gXO5spoJ7M0iTFOFxPuKl1LhemCMn8XYEixt5q3YlD8=", "last_login": "2026-01-03T10:52:34.377Z", "is_superuser": false, "username": "Da_67586950", "is_staff": false, "is_active": true, "date_joined": "2026-01-03T10:50:46.256Z", "email": "bicabaf764@icousd.com", "first_name": "", "last_name": "", "full_name": "dan", "role": "employee", "phone": "", "department": "", "created_at": "2026-01-03T10:50:47.247Z", "groups": [], "user_permissions": []}}, {"model": "tickets.user", "fields": {"password": "pbkdf2_sha256$600000$8GfKoin34LZ4uSrkF1NIpS$46rZTxBbpd9JjIlIN9YSlHcmAH3bPmTT5Bajz54zL7A=", "last_login": "2026-01-03T11:24:01.671Z", "is_superuser": false, "username": "Rushii_0423", "is_staff": false, "is_active": true, "date_joined": "2026-01-03T11:09:49.285Z", "email": "nodoka7168@hudisk.com", "first_name": "", "last_name": "", "full_name": "rushi", "role": "employee", "phone": "", "department": "", "created_at": "2026-01-03T11:09:50.212Z", "groups": [], "user_permissions": []}}, {"model": "tickets.user", "fields": {"password": "pbkdf2_sha256$600000$BJwrzCiZ7DnOoLZ63dX8IX$R264TU/xIT4rdmusVf1yz+6dQUlUBoOvtwqa/2xFNkU=", "last_login": "2026-01-03T11:24:12.220Z", "is_superuser": false, "username": "user_9347899", "is_staff": false, "is_active": true, "date_joined": "2026-01-03T11:14:25.233Z", "email": "yakehov467@icousd.com", "first_name": "", "last_name": "", "full_name": "Da", "role": "employee", "phone": "", "department": "", "created_at": "2026-01-03T11:14:26.194Z", "groups": [], "user_permissions": []}}, {"model": "tickets.ticket", "pk": 1, "fields": {"title": "Laptop Running Slow", "description": "Laptop is extremely slow while opening applications.", "status": "resolved", "priority": "medium", "created_by": ["Jeeya_09"], "assigned_to": null, "created_at": "2025-12-21T12:26:19.332Z", "updated_at": "2025-12-21T13:27:55.383Z", "resolved_at": null, "closed_at": null}}, {"model": "tickets.ticket", "pk": 2, "fields": {"title": "Office Wi-Fi Not Connecting", "description": "The password has changed --- Datatechnologies@_34", "status": "resolved", "priority": "urgent", "created_by": ["Sruthi_211"], "assigned_to": null, "created_at": "2025-12-21T12:49:42.758Z", "updated_at": "2025-12-21T14:09:20.981Z", "resolved_at": null, "closed_at": null}}, {"model": "tickets.ticket", "pk": 3, "fields": {"title": "Printer Offline Issue", "description": "Printer shows offline even though it is powered on.", "status": "in_progress", "priority": "low", "created_by": ["Surya@21"], "assigned_to": ["Lalitbhagat@99"], "created_at": "2025-12-21T12:50:38.419Z", "updated_at": "2025-12-21T14:12:05.384Z", "resolved_at": null, "closed_at": null}}, {"model": "tickets.ticket", "pk": 4, "fields": {"title": "Keyboard Not Working Properly", "description": "Some keyboard keys are not responding.", "status": "resolved", "priority": "high", "created_by": ["Dyanuu_09"], "assigned_to": null, "created_at": "2025-12-21T12:51:44.440Z", "updated_at": "2025-12-21T14:16:44.165Z", "resolved_at": "2025-12-21T14:16:44.165Z", "closed_at": null}}, {"model": "tickets.ticket", "pk": 5, "fields": {"title": "Shared Drive Access Denied", "description": "Cannot access shared network folder.", "status": "in_progress", "priority": "medium", "created_by": ["Dyanuu_09"], "assigned_to": null, "created_at": "2025-12-21T12:52:40.606Z", "updated_at": "2025-12-21T14:18:43.533Z", "resolved_at": null, "closed_at": null}}, {"model": "tickets.ticket", "pk": 6, "fields": {"title": "Laptop Overheating", "description": "Laptop heats up quickly and fan runs loudly.", "status": "resolved", "priority": "medium", "created_by": ["Sakshi_49"], "assigned_to": ["Lalitbhagat@99"], "created_at": "2025-12-21T13:03:58.909Z", "updated_at": "2025-12-22T04:31:43.620Z", "resolved_at": null, "closed_at": null}}, {"model": "tickets.ticket", "pk": 7, "fields": {"title": "Sudden System Shutdown", "description": "System shuts down suddenly due to power issue.", "status": "in_progress", "priority": "urgent", "created_by": ["Dipak@12"], "assigned_to": ["Swapnil_5_@"], "created_at": "2025-12-21T13:07:52.828Z", "updated_at": "2025-12-21T14:26:33.577Z", "resolved_at": null, "closed_at": null}}, {"model": "tickets.ticket", "pk": 8, "fields": {"title": "Slow Internet Speed", "description": "Internet speed is very slow compared to others.", "status": "resolved", "priority": "low", "created_by": ["Sruthi_211"], "assigned_to": null, "created_at": "2025-12-21T13:09:01.194Z", "updated_at": "2025-12-21T14:24:45.995Z", "resolved_at": null, "closed_at": null}}, {"model": "tickets.ticket", "pk": 10, "fields": {"title": "VPN Access Not Working", "description": "User unable to connect to company VPN.", "status": "open", "priority": "medium", "created_by": ["Lalitbhagat@99"], "assigned_to": null, "created_at": "2025-12-21T13:14:52.107Z", "updated_at": "2025-12-22T04:32:58.251Z", "resolved_at": null, "closed_at": null}}, {"model": "tickets.ticket", "pk": 11, "fields": {"title": "Office Wi-Fi Not Connecting", "description": "User cannot connect to office Wi-Fi network.", "status": "resolved", "priority": "medium", "created_by": ["Lalitbhagat@99"], "assigned_to": null, "created_at": "2025-12-21T13:15:36.038Z", "updated_at": "2025-12-21T14:26:59.724Z", "resolved_at": null, "closed_at": null}}, {"model": "tickets.ticket", "pk": 12, "fields": {"title": "Payslip Download Failure", "description": "Payslip for the current month is not downloading. Download button does not respond.", "status": "in_progress", "priority": "urgent", "created_by": ["Rutuwagh@09"], "assigned_to": ["Shubham@77"], "created_at": "2025-12-21T13:16:46.263Z", "updated_at": "2025-12-21T14:28:07.627Z", "resolved_at": null, "closed_at": null}}, {"model": "tickets.ticket", "pk": 13, "fields": {"title": "Biometric Attendance Mismatch", "description": "Biometric punches are recorded but not visible in the system.", "status": "resolved", "priority": "high", "created_by": ["Rutuwagh@09"], "assigned_to": null, "created_at": "2025-12-21T13:17:33.763Z", "updated_at": "2025-12-22T04:34:05.143Z", "resolved_at": null, "closed_at": null}}, {"model": "tickets.ticket", "pk": 14, "fields": {"title": "Monitor Display Blank", "description": "Monitor is powered on but shows no display.", "status": "closed", "priority": "medium", "created_by": ["Jayant2_"], "assigned_to": ["Lalitbhagat@99"], "created_at": "2025-12-21T13:20:21.765Z", "updated_at": "2025-12-22T04:33:37.117Z", "resolved_at": null, "closed_at": null}}, {"model": "tickets.ticket", "pk": 15, "fields": {"title": "Production Deployment Failure", "description": "Application deployment failing on production server.", "status": "resolved", "priority": "medium", "created_by": ["Ankit@4576"], "assigned_to": null, "created_at": "2025-12-21T13:21:49.685Z", "updated_at": "2025-12-21T14:22:37.319Z", "resolved_at": null, "closed_at": null}}, {"model": "tickets.ticket", "pk": 16, "fields": {"title": "Blue Screen Error", "description": "System shows blue screen and restarts frequently.", "status": "in_progress", "priority": "urgent", "created_by": ["RushiHr@09"], "assigned_to": ["Shubham@77"], "created_at": "2025-12-21T13:23:36.790Z", "updated_at": "2025-12-21T14:21:25.083Z", "resolved_at": null, "closed_at": null}}, {"model": "tickets.ticket", "pk": 17, "fields": {"title": "Laptop not Working", "description": "Laptop not working", "status": "in_progress", "priority": "high", "created_by": ["pooja_31"], "assigned_to": null, "created_at": "2025-12-27T09:21:58.805Z", "updated_at": "2025-12-27T09:24:03.292Z", "resolved_at": null, "closed_at": null}}, {"model": "tickets.ticket", "pk": 18, "fields": {"title": "laptop not working", "description": "not working", "status": "open", "priority": "medium", "created_by": ["Datta_345678"], "assigned_to": null, "created_at": "2026-01-01T04:20:24.053Z", "updated_at": "2026-01-01T04:20:24.053Z", "resolved_at": null, "closed_at": null}}, {"model": "tickets.ticket", "pk": 19, "fields": {"title": "laptop not working", "description": "not working", "status": "open", "priority": "medium", "created_by": ["dgfsrte_2344"], "assigned_to": null, "created_at": "2026-01-03T04:56:39.123Z", "updated_at": "2026-01-03T04:56:39.123Z", "resolved_at": null, "closed_at": null}}, {"model": "tickets.ticket", "pk": 20, "fields": {"title": "no internet connection", "description": "no connection", "status": "resolved", "priority": "medium", "created_by": ["Dat_96758"], "assigned_to": null, "created_at": "2026-01-03T10:35:06.134Z", "updated_at": "2026-01-03T10:38:00.670Z", "resolved_at": null, "closed_at": null}}, {"model": "tickets.comment", "pk": 1, "fields": {"ticket": 1, "author": ["Admin_09"], "content": "Status changed from Open to In Progress", "is_system_message": true, "created_at": "2025-12-21T12:30:55.755Z"}}, {"model": "tickets.comment", "pk": 2, "fields": {"ticket": 3, "author": ["Admin_09"], "content": "Trying to resolve your within two hours", "is_system_message": false, "created_at": "2025-12-21T14:13:57.944Z"}}, {"model": "tickets.comment", "pk": 3, "fields": {"ticket": 4, "author": ["Admin_09"], "content": "Status changed from Open to Resolved", "is_system_message": true, "created_at": "2025-12-21T14:16:44.172Z"}}, {"model": "tickets.comment", "pk": 4, "fields": {"ticket": 5, "author": ["Admin_09"], "content": "Drive access issue received. Server connectivity being checked.", "is_system_message": false, "created_at": "2025-12-21T14:18:49.616Z"}}, {"model": "tickets.comment", "pk": 5, "fields": {"ticket": 6, "author": ["Admin_09"], "content": "Overheating issue noted. Cleaning and thermal check required.", "is_system_message": false, "created_at": "2025-12-21T14:20:01.808Z"}}, {"model": "tickets.comment", "pk": 6, "fields": {"ticket": 16, "author": ["Admin_09"], "content": "System crash issue reported. Error logs are being analyzed.", "is_system_message": false, "created_at": "2025-12-21T14:21:34.184Z"}}, {"model": "tickets.comment", "pk": 7, "fields": {"ticket": 14, "author": ["Admin_09"], "content": "Checking power supply, display cables, and monitor connectivity.", "is_system_message": false, "created_at": "2025-12-21T14:24:20.997Z"}}, {"model": "tickets.comment", "pk": 8, "fields": {"ticket": 7, "author": ["Admin_09"], "content": "User reported sudden system shutdown without warning. Issue logged for investigation.", "is_system_message": false, "created_at": "2025-12-21T14:26:39.063Z"}}, {"model": "tickets.comment", "pk": 9, "fields": {"ticket": 12, "author": ["Admin_09"], "content": "Employee reported an issue while downloading the payslip from the portal.", "is_system_message": false, "created_at": "2025-12-21T14:28:21.351Z"}}, {"model": "tickets.comment", "pk": 10, "fields": {"ticket": 13, "author": ["Admin_09"], "content": "Employee reported that biometric punches are recorded on the device but not reflected in the system.", "is_system_message": false, "created_at": "2025-12-21T14:30:20.662Z"}}, {"model": "tickets.comment", "pk": 12, "fields": {"ticket": 10, "author": ["Admin_09"], "content": "Started troubleshooting VPN connectivity issue.", "is_system_message": false, "created_at": "2025-12-21T14:32:55.583Z"}}, {"model": "tickets.comment", "pk": 13, "fields": {"ticket": 17, "author": ["Admin_09"], "content": "ok", "is_system_message": false, "created_at": "2025-12-27T09:23:52.949Z"}}, {"model": "tickets.comment", "pk": 14, "fields": {"ticket": 17, "author": ["Admin_09"], "content": "Status changed from Open to In Progress", "is_system_message": true, "created_at": "2025-12-27T09:24:03.303Z"}}, {"model": "tickets.emailverification", "pk": 9, "fields": {"user": ["Admin_09"], "token": "bc0c84b1-4e49-4ed0-bdaf-5b21be1d8a34", "created_at": "2025-12-15T10:53:12Z"}}, {"model": "tickets.emailverification", "pk": 10, "fields": {"user": ["Dyanuu_09"], "token": "8f4f87c2-b688-43a9-a6a0-3c108e114bb2", "created_at": "2025-12-16T10:46:18Z"}}, {"model": "tickets.emailverification", "pk": 12, "fields": {"user": ["Rutuwagh@09"], "token": "fa5ea835-6709-4679-a5bc-c8d6e4160a94", "created_at": "2025-12-16T10:47:25Z"}}, {"model": "tickets.emailverification", "pk": 13, "fields": {"user": ["Lalitbhagat@99"], "token": "0db0d075-af1e-4ea4-aee4-78b8a88e015c", "created_at": "2025-12-16T10:47:34Z"}}, {"model": "tickets.emailverification", "pk": 14, "fields": {"user": ["Dipak@12"], "token": "b460dc0b-ab6a-47eb-a5da-f24cfa6e2e96", "created_at": "2025-12-16T17:39:47Z"}}, {"model": "tickets.emailverification", "pk": 15, "fields": {"user": ["Shubham@77"], "token": "5f8a8097-219a-46d6-9131-f0bf7337cdd5", "created_at": "2025-12-16T17:40:48Z"}}, {"model": "tickets.emailverification", "pk": 17, "fields": {"user": ["Akshay@_45"], "token": "e96c0f36-6258-439f-9387-1e0281965a82", "created_at": "2025-12-18T04:21:52Z"}}, {"model": "tickets.emailverification", "pk": 18, "fields": {"user": ["Sakshi_49"], "token": "71520f9f-d935-4ef0-a582-760e7da4d5c1", "created_at": "2025-12-18T04:24:03Z"}}, {"model": "tickets.emailverification", "pk": 19, "fields": {"user": ["Ankit@4576"], "token": "9b5b1513-ea26-4094-b6e1-fd6594059444", "created_at": "2025-12-18T04:25:42Z"}}, {"model": "tickets.emailverification", "pk": 20, "fields": {"user": ["Sanvii96_"], "token": "bffbf995-15fc-4f96-8683-5409199fb56b", "created_at": "2025-12-18T04:27:39Z"}}, {"model": "tickets.emailverification", "pk": 21, "fields": {"user": ["Swapnil_5_@"], "token": "a8455719-92d0-4b2c-9b42-254e9eafe9af", "created_at": "2025-12-18T04:29:28Z"}}, {"model": "tickets.emailverification", "pk": 22, "fields": {"user": ["Jayant2_"], "token": "f80e5331-463c-4d30-8b85-5014f8b3577b", "created_at": "2025-12-18T04:32:13Z"}}, {"model": "tickets.emailverification", "pk": 23, "fields": {"user": ["Jeeya_09"], "token": "5319b0aa-6332-4739-94f6-b5412510616c", "created_at": "2025-12-18T04:34:09Z"}}, {"model": "tickets.emailverification", "pk": 24, "fields": {"user": ["RushiHr@09"], "token": "d688b39e-9828-4ca3-bf89-4cf6b7af4dac", "created_at": "2025-12-18T10:10:01Z"}}, {"model": "tickets.emailverification", "pk": 26, "fields": {"user": ["Sruthi_211"], "token": "aab1ea3d-2f75-44c3-adfa-a874b6c36779", "created_at": "2025-12-19T13:04:41Z"}}, {"model": "tickets.emailverification", "pk": 27, "fields": {"user": ["Surya@21"], "token": "7db5f870-d9b4-45f5-b11c-a121c40ac8c1", "created_at": "2025-12-19T13:52:29Z"}}, {"model": "tickets.emailverification", "pk": 28, "fields": {"user": ["Rashmika_04"], "token": "2d09a0d7-187f-4223-b0d5-2161498cc86b", "created_at": "2025-12-23T10:32:08Z"}}, {"model": "tickets.emailverification", "pk": 29, "fields": {"user": ["Ompatil@11"], "token": "b47058c8-cf1e-4096-ba58-86d9149ace66", "created_at": "2025-12-24T03:35:28Z"}}, {"model": "tickets.emailverification", "pk": 47, "fields": {"user": ["Datta_345678"], "token": "12ea0076-d447-415c-bbf2-5a533d99f064", "created_at": "2026-01-01T04:19:28.678Z"}}, {"model": "tickets.emailverification", "pk": 48, "fields": {"user": ["xyz_349057"], "token": "982d620d-942c-4e3c-b791-5f4db582fc7e", "created_at": "2026-01-02T15:05:21.006Z"}}, {"model": "tickets.emailverification", "pk": 49, "fields": {"user": ["Datta_283746"], "token": "3d111101-128d-4c59-b150-f4442e5e9504", "created_at": "2026-01-03T04:36:42Z"}}, {"model": "tickets.emailverification", "pk": 50, "fields": {"user": ["Da_6857658"], "token": "e83707a5-ce4c-40d1-a007-55e65ace32da", "created_at": "2026-01-03T10:39:13.217Z"}}, {"model": "tickets.emailverification", "pk": 51, "fields": {"user": ["Da_68576554"], "token": "c7306efd-a47e-4af6-9807-3754f00d9061", "created_at": "2026-01-03T10:42:43.410Z"}}, {"model": "admin.logentry", "pk": 1, "fields": {"action_time": "2025-12-09T11:15:38.873Z", "user": ["Dyanuu_09"], "content_type": ["tickets", "emailverification"], "object_id": "4", "object_repr": "Email verification for viju@gmail.com (verified)", "action_flag": 1, "change_message": "[{\"added\": {}}]"}}, {"model": "admin.logentry", "pk": 2, "fields": {"action_time": "2025-12-11T11:29:55.178Z", "user": ["Dyanuu_09"], "content_type": ["tickets", "user"], "object_id": "8", "object_repr": "Datta@11 (HR)", "action_flag": 1, "change_message": "[{\"added\": {}}]"}}, {"model": "admin.logentry", "pk": 3, "fields": {"action_time": "2025-12-15T10:32:39.195Z", "user": ["Dyanuu_09"], "content_type": ["tickets", "user"], "object_id": "3", "object_repr": "Dattab@09 (Employee)", "action_flag": 3, "change_message": ""}}, {"model": "admin.logentry", "pk": 4, "fields": {"action_time": "2025-12-15T10:32:54.642Z", "user": ["Dyanuu_09"], "content_type": ["tickets", "user"], "object_id": "7", "object_repr": "Dambare@8767 (Employee)", "action_flag": 3, "change_message": ""}}, {"model": "admin.logentry", "pk": 5, "fields": {"action_time": "2025-12-15T10:33:05.643Z", "user": ["Dyanuu_09"], "content_type": ["tickets", "user"], "object_id": "6", "object_repr": "viju@876 (Employee)", "action_flag": 3, "change_message": ""}}, {"model": "admin.logentry", "pk": 6, "fields": {"action_time": "2025-12-15T10:33:45.623Z", "user": ["Dyanuu_09"], "content_type": ["tickets", "user"], "object_id": "2", "object_repr": "Datta@12345 (Employee)", "action_flag": 3, "change_message": ""}}, {"model": "admin.logentry", "pk": 7, "fields": {"action_time": "2025-12-15T10:33:55.269Z", "user": ["Dyanuu_09"], "content_type": ["tickets", "user"], "object_id": "1", "object_repr": "Datta@123 (Employee)", "action_flag": 3, "change_message": ""}}, {"model": "admin.logentry", "pk": 8, "fields": {"action_time": "2025-12-15T10:35:10.622Z", "user": ["Dyanuu_09"], "content_type": ["tickets", "user"], "object_id": "8", "object_repr": "Datta@11 (HR)", "action_flag": 3, "change_message": ""}}, {"model": "admin.logentry", "pk": 9, "fields": {"action_time": "2025-12-15T10:35:32.611Z", "user": ["Dyanuu_09"], "content_type": ["tickets", "emailverification"], "object_id": "4", "object_repr": "Email verification for viju@gmail.com (verified)", "action_flag": 3, "change_message": ""}}, {"model": "admin.logentry", "pk": 10, "fields": {"action_time": "2025-12-15T10:48:24.785Z", "user": ["Admin_09"], "content_type": ["tickets", "user"], "object_id": "10", "object_repr": "RushiHr@09 (HR)", "action_flag": 1, "change_message": "[{\"added\": {}}]"}}, {"model": "admin.logentry", "pk": 11, "fields": {"action_time": "2025-12-15T10:50:17.236Z", "user": ["Admin_09"], "content_type": ["tickets", "user"], "object_id": "9", "object_repr": "Vijayadmin@04 (Administrator)", "action_flag": 2, "change_message": "[{\"changed\": {\"fields\": [\"First name\", \"Last name\", \"Full name\", \"Role\", \"Phone\", \"Department\"]}}]"}}, {"model": "admin.logentry", "pk": 12, "fields": {"action_time": "2025-12-15T10:51:30.187Z", "user": ["Admin_09"], "content_type": ["tickets", "user"], "object_id": "5", "object_repr": "Viju@123 (Employee)", "action_flag": 2, "change_message": "[{\"changed\": {\"fields\": [\"Email\", \"First name\", \"Last name\", \"Full name\", \"Phone\", \"Department\"]}}]"}}, {"model": "admin.logentry", "pk": 13, "fields": {"action_time": "2025-12-15T10:52:02.516Z", "user": ["Admin_09"], "content_type": ["tickets", "user"], "object_id": "5", "object_repr": "Datta@123 (Employee)", "action_flag": 2, "change_message": "[{\"changed\": {\"fields\": [\"Username\"]}}]"}}, {"model": "admin.logentry", "pk": 14, "fields": {"action_time": "2025-12-15T10:52:20.186Z", "user": ["Admin_09"], "content_type": ["tickets", "user"], "object_id": "5", "object_repr": "Datta@12 (Employee)", "action_flag": 2, "change_message": "[{\"changed\": {\"fields\": [\"Username\"]}}]"}}, {"model": "admin.logentry", "pk": 15, "fields": {"action_time": "2025-12-15T10:52:50.630Z", "user": ["Admin_09"], "content_type": ["tickets", "emailverification"], "object_id": "7", "object_repr": "Email verification for Rushikesh@gmail.com (verified)", "action_flag": 1, "change_message": "[{\"added\": {}}]"}}, {"model": "admin.logentry", "pk": 16, "fields": {"action_time": "2025-12-15T10:53:07.783Z", "user": ["Admin_09"], "content_type": ["tickets", "emailverification"], "object_id": "8", "object_repr": "Email verification for Datta@gmail.com (verified)", "action_flag": 1, "change_message": "[{\"added\": {}}]"}}, {"model": "admin.logentry", "pk": 17, "fields": {"action_time": "2025-12-15T10:53:25.103Z", "user": ["Admin_09"], "content_type": ["tickets", "emailverification"], "object_id": "9", "object_repr": "Email verification for dambarevijay@gmail.com (verified)", "action_flag": 1, "change_message": "[{\"added\": {}}]"}}, {"model": "admin.logentry", "pk": 18, "fields": {"action_time": "2025-12-16T08:43:01.292Z", "user": ["Admin_09"], "content_type": ["tickets", "user"], "object_id": "10", "object_repr": "RushiHr@09 (HR)", "action_flag": 2, "change_message": "[{\"changed\": {\"fields\": [\"Superuser status\"]}}]"}}, {"model": "admin.logentry", "pk": 19, "fields": {"action_time": "2025-12-16T10:13:08.362Z", "user": ["Admin_09"], "content_type": ["tickets", "user"], "object_id": "11", "object_repr": "Ompatil@15 (Employee)", "action_flag": 1, "change_message": "[{\"added\": {}}]"}}, {"model": "admin.logentry", "pk": 20, "fields": {"action_time": "2025-12-16T10:23:12.651Z", "user": ["Admin_09"], "content_type": ["tickets", "user"], "object_id": "12", "object_repr": "Rutuwagh@09 (Employee)", "action_flag": 1, "change_message": "[{\"added\": {}}]"}}, {"model": "admin.logentry", "pk": 21, "fields": {"action_time": "2025-12-16T10:28:15.659Z", "user": ["Admin_09"], "content_type": ["tickets", "user"], "object_id": "13", "object_repr": "Lalitbhagat@99 (IT Staff)", "action_flag": 1, "change_message": "[{\"added\": {}}]"}}, {"model": "admin.logentry", "pk": 22, "fields": {"action_time": "2025-12-16T10:46:32.923Z", "user": ["Admin_09"], "content_type": ["tickets", "emailverification"], "object_id": "10", "object_repr": "Email verification for Datta@gmail.com (verified)", "action_flag": 1, "change_message": "[{\"added\": {}}]"}}, {"model": "admin.logentry", "pk": 23, "fields": {"action_time": "2025-12-16T10:47:22.794Z", "user": ["Admin_09"], "content_type": ["tickets", "emailverification"], "object_id": "11", "object_repr": "Email verification for ompatil@gmail.com (verified)", "action_flag": 1, "change_message": "[{\"added\": {}}]"}}, {"model": "admin.logentry", "pk": 24, "fields": {"action_time": "2025-12-16T10:47:33.133Z", "user": ["Admin_09"], "content_type": ["tickets", "emailverification"], "object_id": "12", "object_repr": "Email verification for rutujawagh@gmail.com (verified)", "action_flag": 1, "change_message": "[{\"added\": {}}]"}}, {"model": "admin.logentry", "pk": 25, "fields": {"action_time": "2025-12-16T10:47:39.669Z", "user": ["Admin_09"], "content_type": ["tickets", "emailverification"], "object_id": "13", "object_repr": "Email verification for lalitbhagat@gmail.com (verified)", "action_flag": 1, "change_message": "[{\"added\": {}}]"}}, {"model": "admin.logentry", "pk": 26, "fields": {"action_time": "2025-12-16T17:43:52.204Z", "user": ["Admin_09"], "content_type": ["tickets", "user"], "object_id": "14", "object_repr": "Dipak@12 (Employee)", "action_flag": 2, "change_message": "[{\"changed\": {\"fields\": [\"Password\", \"Last login\", \"First name\", \"Last name\", \"Phone\", \"Department\"]}}]"}}, {"model": "admin.logentry", "pk": 27, "fields": {"action_time": "2025-12-16T17:47:42.500Z", "user": ["Admin_09"], "content_type": ["tickets", "user"], "object_id": "15", "object_repr": "Shubham@77 (IT Staff)", "action_flag": 2, "change_message": "[{\"changed\": {\"fields\": [\"Password\", \"Username\", \"Email\", \"First name\", \"Last name\", \"Full name\", \"Role\", \"Phone\", \"Department\"]}}]"}}, {"model": "admin.logentry", "pk": 28, "fields": {"action_time": "2025-12-17T11:52:41.896Z", "user": ["Admin_09"], "content_type": ["tickets", "user"], "object_id": "5", "object_repr": "Datta@12 (Employee)", "action_flag": 2, "change_message": "[{\"changed\": {\"fields\": [\"Password\"]}}]"}}, {"model": "admin.logentry", "pk": 29, "fields": {"action_time": "2025-12-17T12:07:06.941Z", "user": ["Admin_09"], "content_type": ["tickets", "user"], "object_id": "5", "object_repr": "Datta@12 (Employee)", "action_flag": 2, "change_message": "[{\"changed\": {\"fields\": [\"Superuser status\"]}}]"}}, {"model": "admin.logentry", "pk": 30, "fields": {"action_time": "2025-12-17T12:09:44.993Z", "user": ["Admin_09"], "content_type": ["tickets", "user"], "object_id": "5", "object_repr": "Datta@12 (Employee)", "action_flag": 2, "change_message": "[{\"changed\": {\"fields\": [\"Staff status\"]}}]"}}, {"model": "admin.logentry", "pk": 31, "fields": {"action_time": "2025-12-18T04:10:02.796Z", "user": ["Admin_09"], "content_type": ["tickets", "user"], "object_id": "16", "object_repr": "Shyam_45 (Employee)", "action_flag": 2, "change_message": "[{\"changed\": {\"fields\": [\"Password\", \"Last login\", \"Email\", \"First name\", \"Last name\", \"Full name\", \"Phone\", \"Department\"]}}]"}}, {"model": "admin.logentry", "pk": 32, "fields": {"action_time": "2025-12-18T04:18:05.322Z", "user": ["Admin_09"], "content_type": ["tickets", "user"], "object_id": "18", "object_repr": "Divya@09 (Employee)", "action_flag": 2, "change_message": "[{\"changed\": {\"fields\": [\"Password\", \"Date joined\", \"First name\", \"Last name\", \"Phone\", \"Department\"]}}]"}}, {"model": "admin.logentry", "pk": 33, "fields": {"action_time": "2025-12-18T04:35:36.164Z", "user": ["Admin_09"], "content_type": ["tickets", "user"], "object_id": "19", "object_repr": "Akshay@_45 (Employee)", "action_flag": 2, "change_message": "[{\"changed\": {\"fields\": [\"Email\"]}}]"}}, {"model": "admin.logentry", "pk": 34, "fields": {"action_time": "2025-12-18T04:35:52.085Z", "user": ["Admin_09"], "content_type": ["tickets", "user"], "object_id": "23", "object_repr": "Swapnil_5_@ (Employee)", "action_flag": 2, "change_message": "[{\"changed\": {\"fields\": [\"Email\"]}}]"}}, {"model": "admin.logentry", "pk": 35, "fields": {"action_time": "2025-12-18T04:36:09.941Z", "user": ["Admin_09"], "content_type": ["tickets", "user"], "object_id": "15", "object_repr": "Shubham@77 (IT Staff)", "action_flag": 2, "change_message": "[{\"changed\": {\"fields\": [\"Email\"]}}]"}}, {"model": "admin.logentry", "pk": 36, "fields": {"action_time": "2025-12-18T04:36:41.194Z", "user": ["Admin_09"], "content_type": ["tickets", "user"], "object_id": "5", "object_repr": "Datta@12 (Employee)", "action_flag": 2, "change_message": "[{\"changed\": {\"fields\": [\"Email\"]}}]"}}, {"model": "admin.logentry", "pk": 37, "fields": {"action_time": "2025-12-18T04:37:16.348Z", "user": ["Admin_09"], "content_type": ["tickets", "user"], "object_id": "10", "object_repr": "RushiHr@09 (HR)", "action_flag": 2, "change_message": "[{\"changed\": {\"fields\": [\"Email\"]}}]"}}, {"model": "admin.logentry", "pk": 38, "fields": {"action_time": "2025-12-18T09:06:07.037Z", "user": ["Admin_09"], "content_type": ["tickets", "user"], "object_id": "9", "object_repr": "Vijayadmin@04 (Administrator)", "action_flag": 2, "change_message": "[{\"changed\": {\"fields\": [\"Password\", \"Department\"]}}]"}}, {"model": "admin.logentry", "pk": 39, "fields": {"action_time": "2025-12-18T09:19:54.447Z", "user": ["Admin_09"], "content_type": ["tickets", "user"], "object_id": "9", "object_repr": "Vijayadmin@04 (Administrator)", "action_flag": 2, "change_message": "[]"}}, {"model": "admin.logentry", "pk": 40, "fields": {"action_time": "2025-12-18T09:54:57.569Z", "user": ["Admin_09"], "content_type": ["tickets", "user"], "object_id": "18", "object_repr": "Divya@09 (Employee)", "action_flag": 3, "change_message": ""}}, {"model": "admin.logentry", "pk": 41, "fields": {"action_time": "2025-12-18T09:54:57.577Z", "user": ["Admin_09"], "content_type": ["tickets", "user"], "object_id": "16", "object_repr": "Shyam_45 (Employee)", "action_flag": 3, "change_message": ""}}, {"model": "admin.logentry", "pk": 42, "fields": {"action_time": "2025-12-18T10:02:27.729Z", "user": ["Admin_09"], "content_type": ["tickets", "user"], "object_id": "10", "object_repr": "RushiHr@09 (HR)", "action_flag": 3, "change_message": ""}}, {"model": "admin.logentry", "pk": 43, "fields": {"action_time": "2025-12-18T10:12:52.230Z", "user": ["Admin_09"], "content_type": ["tickets", "user"], "object_id": "5", "object_repr": "Datta@12 (Employee)", "action_flag": 2, "change_message": "[]"}}, {"model": "admin.logentry", "pk": 44, "fields": {"action_time": "2025-12-18T10:13:08.368Z", "user": ["Admin_09"], "content_type": ["tickets", "user"], "object_id": "9", "object_repr": "Vijayadmin@04 (Administrator)", "action_flag": 2, "change_message": "[]"}}, {"model": "admin.logentry", "pk": 45, "fields": {"action_time": "2025-12-18T10:13:29.405Z", "user": ["Admin_09"], "content_type": ["tickets", "user"], "object_id": "11", "object_repr": "Ompatil@15 (Employee)", "action_flag": 2, "change_message": "[]"}}, {"model": "admin.logentry", "pk": 46, "fields": {"action_time": "2025-12-18T10:15:46.884Z", "user": ["Admin_09"], "content_type": ["tickets", "user"], "object_id": "12", "object_repr": "Rutuwagh@09 (HR)", "action_flag": 2, "change_message": "[{\"changed\": {\"fields\": [\"Role\", \"Department\"]}}]"}}, {"model": "admin.logentry", "pk": 47, "fields": {"action_time": "2025-12-18T10:16:43.306Z", "user": ["Admin_09"], "content_type": ["tickets", "user"], "object_id": "13", "object_repr": "Lalitbhagat@99 (IT Staff)", "action_flag": 2, "change_message": "[{\"changed\": {\"fields\": [\"Department\"]}}]"}}, {"model": "admin.logentry", "pk": 48, "fields": {"action_time": "2025-12-18T10:17:08.734Z", "user": ["Admin_09"], "content_type": ["tickets", "user"], "object_id": "14", "object_repr": "Dipak@12 (Employee)", "action_flag": 2, "change_message": "[]"}}, {"model": "admin.logentry", "pk": 49, "fields": {"action_time": "2025-12-18T10:17:59.863Z", "user": ["Admin_09"], "content_type": ["tickets", "user"], "object_id": "15", "object_repr": "Shubham@77 (IT Staff)", "action_flag": 2, "change_message": "[{\"changed\": {\"fields\": [\"Department\"]}}]"}}, {"model": "admin.logentry", "pk": 50, "fields": {"action_time": "2025-12-18T10:19:22.614Z", "user": ["Admin_09"], "content_type": ["tickets", "user"], "object_id": "19", "object_repr": "Akshay@_45 (Employee)", "action_flag": 2, "change_message": "[{\"changed\": {\"fields\": [\"Date joined\", \"First name\", \"Last name\", \"Phone\", \"Department\"]}}]"}}, {"model": "admin.logentry", "pk": 51, "fields": {"action_time": "2025-12-18T10:21:13.569Z", "user": ["Admin_09"], "content_type": ["tickets", "user"], "object_id": "20", "object_repr": "Sakshi_49 (Employee)", "action_flag": 2, "change_message": "[{\"changed\": {\"fields\": [\"Date joined\", \"First name\", \"Last name\", \"Phone\", \"Department\"]}}]"}}, {"model": "admin.logentry", "pk": 52, "fields": {"action_time": "2025-12-18T10:22:24.683Z", "user": ["Admin_09"], "content_type": ["tickets", "user"], "object_id": "21", "object_repr": "Ankit@4576 (Employee)", "action_flag": 2, "change_message": "[{\"changed\": {\"fields\": [\"Date joined\", \"First name\", \"Last name\", \"Phone\", \"Department\"]}}]"}}, {"model": "admin.logentry", "pk": 53, "fields": {"action_time": "2025-12-18T10:23:40.428Z", "user": ["Admin_09"], "content_type": ["tickets", "user"], "object_id": "22", "object_repr": "Sanvii96_ (Employee)", "action_flag": 2, "change_message": "[{\"changed\": {\"fields\": [\"Date joined\", \"First name\", \"Last name\", \"Phone\", \"Department\"]}}]"}}, {"model": "admin.logentry", "pk": 54, "fields": {"action_time": "2025-12-18T10:24:53.544Z", "user": ["Admin_09"], "content_type": ["tickets", "user"], "object_id": "23", "object_repr": "Swapnil_5_@ (IT Staff)", "action_flag": 2, "change_message": "[{\"changed\": {\"fields\": [\"Date joined\", \"First name\", \"Last name\", \"Role\", \"Phone\", \"Department\"]}}]"}}, {"model": "admin.logentry", "pk": 55, "fields": {"action_time": "2025-12-18T10:26:16.772Z", "user": ["Admin_09"], "content_type": ["tickets", "user"], "object_id": "24", "object_repr": "Jayant2_ (Employee)", "action_flag": 2, "change_message": "[{\"changed\": {\"fields\": [\"Date joined\", \"First name\", \"Last name\", \"Phone\", \"Department\"]}}]"}}, {"model": "admin.logentry", "pk": 56, "fields": {"action_time": "2025-12-18T10:27:28.212Z", "user": ["Admin_09"], "content_type": ["tickets", "user"], "object_id": "25", "object_repr": "Jeeya_09 (Employee)", "action_flag": 2, "change_message": "[{\"changed\": {\"fields\": [\"Date joined\", \"First name\", \"Last name\", \"Phone\", \"Department\"]}}]"}}, {"model": "admin.logentry", "pk": 57, "fields": {"action_time": "2025-12-18T10:29:47.998Z", "user": ["Admin_09"], "content_type": ["tickets", "user"], "object_id": "26", "object_repr": "RushiHr@09 (HR)", "action_flag": 2, "change_message": "[{\"changed\": {\"fields\": [\"Staff status\", \"Date joined\", \"Email\", \"First name\", \"Last name\", \"Role\", \"Phone\", \"Department\"]}}]"}}, {"model": "admin.logentry", "pk": 58, "fields": {"action_time": "2025-12-18T10:30:36.275Z", "user": ["Admin_09"], "content_type": ["tickets", "user"], "object_id": "12", "object_repr": "Rutuwagh@09 (HR)", "action_flag": 2, "change_message": "[{\"changed\": {\"fields\": [\"Staff status\", \"Last name\"]}}]"}}, {"model": "admin.logentry", "pk": 59, "fields": {"action_time": "2025-12-18T10:32:26.533Z", "user": ["Admin_09"], "content_type": ["tickets", "user"], "object_id": "26", "object_repr": "RushiHr@09 (HR)", "action_flag": 2, "change_message": "[{\"changed\": {\"fields\": [\"Superuser status\"]}}]"}}, {"model": "admin.logentry", "pk": 60, "fields": {"action_time": "2025-12-18T10:34:01.415Z", "user": ["Admin_09"], "content_type": ["tickets", "user"], "object_id": "26", "object_repr": "RushiHr@09 (HR)", "action_flag": 2, "change_message": "[{\"changed\": {\"fields\": [\"Superuser status\"]}}]"}}, {"model": "admin.logentry", "pk": 61, "fields": {"action_time": "2025-12-19T12:47:06.075Z", "user": ["Admin_09"], "content_type": ["tickets", "emailverification"], "object_id": "21", "object_repr": "Email verification for swapnil915@gmail.com (verified)", "action_flag": 2, "change_message": "[{\"changed\": {\"fields\": [\"Is verified\"]}}]"}}, {"model": "admin.logentry", "pk": 62, "fields": {"action_time": "2025-12-19T13:19:33.407Z", "user": ["Admin_09"], "content_type": ["tickets", "user"], "object_id": "28", "object_repr": "Sruthi_211 (Employee)", "action_flag": 2, "change_message": "[{\"changed\": {\"fields\": [\"Last login\", \"First name\", \"Last name\", \"Phone\", \"Department\"]}}]"}}, {"model": "admin.logentry", "pk": 63, "fields": {"action_time": "2025-12-19T13:19:49.604Z", "user": ["Admin_09"], "content_type": ["tickets", "emailverification"], "object_id": "26", "object_repr": "Email verification for sruthi108@gmail.com (verified)", "action_flag": 2, "change_message": "[{\"changed\": {\"fields\": [\"Is verified\"]}}]"}}, {"model": "admin.logentry", "pk": 64, "fields": {"action_time": "2025-12-19T13:25:52.501Z", "user": ["Admin_09"], "content_type": ["tickets", "emailverification"], "object_id": "25", "object_repr": "Email verification for sruthi@gmail.com (verified)", "action_flag": 2, "change_message": "[{\"changed\": {\"fields\": [\"Is verified\"]}}]"}}, {"model": "admin.logentry", "pk": 65, "fields": {"action_time": "2025-12-19T13:36:30.017Z", "user": ["Admin_09"], "content_type": ["tickets", "emailverification"], "object_id": "26", "object_repr": "Email verification for sruthi108@gmail.com (verified)", "action_flag": 2, "change_message": "[]"}}, {"model": "admin.logentry", "pk": 66, "fields": {"action_time": "2025-12-19T13:36:50.646Z", "user": ["Admin_09"], "content_type": ["tickets", "user"], "object_id": "28", "object_repr": "Sruthi_211 (Employee)", "action_flag": 2, "change_message": "[{\"changed\": {\"fields\": [\"Active\"]}}]"}}, {"model": "admin.logentry", "pk": 67, "fields": {"action_time": "2025-12-19T13:48:30.367Z", "user": ["Admin_09"], "content_type": ["tickets", "user"], "object_id": "27", "object_repr": "Sruthi_21 (Employee)", "action_flag": 2, "change_message": "[{\"changed\": {\"fields\": [\"Active\"]}}]"}}, {"model": "admin.logentry", "pk": 68, "fields": {"action_time": "2025-12-21T12:35:09.640Z", "user": ["Admin_09"], "content_type": ["tickets", "emailverification"], "object_id": "27", "object_repr": "Email verification for Suryayadav@gmail.com (verified)", "action_flag": 2, "change_message": "[{\"changed\": {\"fields\": [\"Is verified\"]}}]"}}, {"model": "admin.logentry", "pk": 69, "fields": {"action_time": "2025-12-21T12:35:23.374Z", "user": ["Admin_09"], "content_type": ["tickets", "emailverification"], "object_id": "23", "object_repr": "Email verification for jeeyarathi45@gmail.com (verified)", "action_flag": 2, "change_message": "[{\"changed\": {\"fields\": [\"Is verified\"]}}]"}}, {"model": "admin.logentry", "pk": 70, "fields": {"action_time": "2025-12-21T12:35:29.884Z", "user": ["Admin_09"], "content_type": ["tickets", "emailverification"], "object_id": "24", "object_repr": "Email verification for rushiHr09@gmail.com (verified)", "action_flag": 2, "change_message": "[{\"changed\": {\"fields\": [\"Is verified\"]}}]"}}, {"model": "admin.logentry", "pk": 71, "fields": {"action_time": "2025-12-21T12:35:41.412Z", "user": ["Admin_09"], "content_type": ["tickets", "emailverification"], "object_id": "14", "object_repr": "Email verification for dipakkhamankar@gmail.com (verified)", "action_flag": 2, "change_message": "[{\"changed\": {\"fields\": [\"Is verified\"]}}]"}}, {"model": "admin.logentry", "pk": 72, "fields": {"action_time": "2025-12-21T12:35:48.381Z", "user": ["Admin_09"], "content_type": ["tickets", "emailverification"], "object_id": "22", "object_repr": "Email verification for jayantjadhav@gmail.com (verified)", "action_flag": 2, "change_message": "[{\"changed\": {\"fields\": [\"Is verified\"]}}]"}}, {"model": "admin.logentry", "pk": 73, "fields": {"action_time": "2025-12-21T12:35:55.053Z", "user": ["Admin_09"], "content_type": ["tickets", "emailverification"], "object_id": "20", "object_repr": "Email verification for sanviikumar33@gmail.com (verified)", "action_flag": 2, "change_message": "[{\"changed\": {\"fields\": [\"Is verified\"]}}]"}}, {"model": "admin.logentry", "pk": 74, "fields": {"action_time": "2025-12-21T12:36:02.518Z", "user": ["Admin_09"], "content_type": ["tickets", "emailverification"], "object_id": "17", "object_repr": "Email verification for akshayb4@gmail.com (verified)", "action_flag": 2, "change_message": "[{\"changed\": {\"fields\": [\"Is verified\"]}}]"}}, {"model": "admin.logentry", "pk": 75, "fields": {"action_time": "2025-12-21T12:36:08.738Z", "user": ["Admin_09"], "content_type": ["tickets", "emailverification"], "object_id": "19", "object_repr": "Email verification for ankitpatil@gmail.com (verified)", "action_flag": 2, "change_message": "[{\"changed\": {\"fields\": [\"Is verified\"]}}]"}}, {"model": "admin.logentry", "pk": 76, "fields": {"action_time": "2025-12-21T12:36:21.468Z", "user": ["Admin_09"], "content_type": ["tickets", "emailverification"], "object_id": "15", "object_repr": "Email verification for shubham@gmail.com (verified)", "action_flag": 2, "change_message": "[{\"changed\": {\"fields\": [\"Is verified\"]}}]"}}, {"model": "admin.logentry", "pk": 77, "fields": {"action_time": "2025-12-21T12:36:28.426Z", "user": ["Admin_09"], "content_type": ["tickets", "emailverification"], "object_id": "18", "object_repr": "Email verification for sakshipatil@gmail.com (verified)", "action_flag": 2, "change_message": "[{\"changed\": {\"fields\": [\"Is verified\"]}}]"}}, {"model": "admin.logentry", "pk": 78, "fields": {"action_time": "2025-12-21T12:47:49.858Z", "user": ["Admin_09"], "content_type": ["tickets", "user"], "object_id": "29", "object_repr": "Surya@21 (Employee)", "action_flag": 2, "change_message": "[{\"changed\": {\"fields\": [\"First name\", \"Last name\", \"Phone\", \"Department\"]}}]"}}, {"model": "admin.logentry", "pk": 79, "fields": {"action_time": "2025-12-21T12:48:06.287Z", "user": ["Admin_09"], "content_type": ["tickets", "user"], "object_id": "28", "object_repr": "Sruthi_211 (Employee)", "action_flag": 2, "change_message": "[]"}}, {"model": "admin.logentry", "pk": 80, "fields": {"action_time": "2025-12-21T12:48:18.067Z", "user": ["Admin_09"], "content_type": ["tickets", "user"], "object_id": "26", "object_repr": "RushiHr@09 (HR)", "action_flag": 2, "change_message": "[]"}}, {"model": "admin.logentry", "pk": 81, "fields": {"action_time": "2025-12-24T03:33:29.863Z", "user": ["Admin_09"], "content_type": ["tickets", "emailverification"], "object_id": "28", "object_repr": "EmailVerification object (28)", "action_flag": 2, "change_message": "[]"}}, {"model": "admin.logentry", "pk": 82, "fields": {"action_time": "2025-12-24T04:29:40.754Z", "user": ["Admin_09"], "content_type": ["tickets", "emailverification"], "object_id": "31", "object_repr": "EmailVerification object (31)", "action_flag": 3, "change_message": ""}}, {"model": "admin.logentry", "pk": 83, "fields": {"action_time": "2025-12-24T10:28:45.154Z", "user": ["Admin_09"], "content_type": ["tickets", "user"], "object_id": "47", "object_repr": "Datta_34 (Employee)", "action_flag": 3, "change_message": ""}}, {"model": "admin.logentry", "pk": 84, "fields": {"action_time": "2025-12-24T10:28:45.162Z", "user": ["Admin_09"], "content_type": ["tickets", "user"], "object_id": "46", "object_repr": "Datta_76 (Employee)", "action_flag": 3, "change_message": ""}}, {"model": "admin.logentry", "pk": 85, "fields": {"action_time": "2025-12-24T10:28:45.169Z", "user": ["Admin_09"], "content_type": ["tickets", "user"], "object_id": "45", "object_repr": "Datta_44 (Employee)", "action_flag": 3, "change_message": ""}}, {"model": "admin.logentry", "pk": 86, "fields": {"action_time": "2025-12-24T10:28:45.175Z", "user": ["Admin_09"], "content_type": ["tickets", "user"], "object_id": "44", "object_repr": "Datta_76767 (Employee)", "action_flag": 3, "change_message": ""}}, {"model": "admin.logentry", "pk": 87, "fields": {"action_time": "2025-12-24T10:28:45.182Z", "user": ["Admin_09"], "content_type": ["tickets", "user"], "object_id": "43", "object_repr": "Datta_5578 (Employee)", "action_flag": 3, "change_message": ""}}, {"model": "admin.logentry", "pk": 88, "fields": {"action_time": "2025-12-24T10:28:45.189Z", "user": ["Admin_09"], "content_type": ["tickets", "user"], "object_id": "42", "object_repr": "Datta_9999 (Employee)", "action_flag": 3, "change_message": ""}}, {"model": "admin.logentry", "pk": 89, "fields": {"action_time": "2025-12-24T10:28:45.194Z", "user": ["Admin_09"], "content_type": ["tickets", "user"], "object_id": "41", "object_repr": "Datta_5656 (Employee)", "action_flag": 3, "change_message": ""}}, {"model": "admin.logentry", "pk": 90, "fields": {"action_time": "2025-12-24T10:28:45.199Z", "user": ["Admin_09"], "content_type": ["tickets", "user"], "object_id": "40", "object_repr": "Datta_0989 (Employee)", "action_flag": 3, "change_message": ""}}, {"model": "admin.logentry", "pk": 91, "fields": {"action_time": "2025-12-24T10:28:45.204Z", "user": ["Admin_09"], "content_type": ["tickets", "user"], "object_id": "39", "object_repr": "Datta_0909 (Employee)", "action_flag": 3, "change_message": ""}}, {"model": "admin.logentry", "pk": 92, "fields": {"action_time": "2025-12-24T10:28:45.209Z", "user": ["Admin_09"], "content_type": ["tickets", "user"], "object_id": "38", "object_repr": "Datta_00 (Employee)", "action_flag": 3, "change_message": ""}}, {"model": "admin.logentry", "pk": 93, "fields": {"action_time": "2025-12-24T10:28:45.213Z", "user": ["Admin_09"], "content_type": ["tickets", "user"], "object_id": "37", "object_repr": "Datta_000 (Employee)", "action_flag": 3, "change_message": ""}}, {"model": "admin.logentry", "pk": 94, "fields": {"action_time": "2025-12-24T10:28:45.219Z", "user": ["Admin_09"], "content_type": ["tickets", "user"], "object_id": "36", "object_repr": "Datta_300 (Employee)", "action_flag": 3, "change_message": ""}}, {"model": "admin.logentry", "pk": 95, "fields": {"action_time": "2025-12-24T10:28:45.226Z", "user": ["Admin_09"], "content_type": ["tickets", "user"], "object_id": "35", "object_repr": "Datta_900 (Employee)", "action_flag": 3, "change_message": ""}}, {"model": "admin.logentry", "pk": 96, "fields": {"action_time": "2025-12-24T10:28:45.232Z", "user": ["Admin_09"], "content_type": ["tickets", "user"], "object_id": "32", "object_repr": "Rushi_09 (Employee)", "action_flag": 3, "change_message": ""}}, {"model": "admin.logentry", "pk": 97, "fields": {"action_time": "2025-12-24T10:29:17.664Z", "user": ["Admin_09"], "content_type": ["tickets", "user"], "object_id": "11", "object_repr": "Ompatil@15 (Employee)", "action_flag": 3, "change_message": ""}}, {"model": "admin.logentry", "pk": 98, "fields": {"action_time": "2025-12-24T10:32:47.486Z", "user": ["Admin_09"], "content_type": ["tickets", "user"], "object_id": "5", "object_repr": "Dyanuu_09 (Employee)", "action_flag": 2, "change_message": "[{\"changed\": {\"fields\": [\"Username\", \"First name\", \"Full name\"]}}]"}}, {"model": "admin.logentry", "pk": 99, "fields": {"action_time": "2025-12-24T10:35:34.335Z", "user": ["Admin_09"], "content_type": ["tickets", "user"], "object_id": "34", "object_repr": "omhursal_10 (Employee)", "action_flag": 3, "change_message": ""}}, {"model": "admin.logentry", "pk": 100, "fields": {"action_time": "2025-12-24T10:36:31.922Z", "user": ["Admin_09"], "content_type": ["tickets", "user"], "object_id": "31", "object_repr": "Ompatil@11 (Employee)", "action_flag": 2, "change_message": "[{\"changed\": {\"fields\": [\"First name\", \"Last name\", \"Phone\", \"Department\"]}}]"}}, {"model": "admin.logentry", "pk": 101, "fields": {"action_time": "2025-12-24T10:36:47.157Z", "user": ["Admin_09"], "content_type": ["tickets", "user"], "object_id": "31", "object_repr": "Ompatil@11 (Employee)", "action_flag": 2, "change_message": "[{\"changed\": {\"fields\": [\"First name\"]}}]"}}, {"model": "admin.logentry", "pk": 102, "fields": {"action_time": "2025-12-24T10:37:21.181Z", "user": ["Admin_09"], "content_type": ["tickets", "user"], "object_id": "33", "object_repr": "Datta_512 (Employee)", "action_flag": 2, "change_message": "[{\"changed\": {\"fields\": [\"First name\", \"Last name\", \"Phone\", \"Department\"]}}]"}}, {"model": "admin.logentry", "pk": 103, "fields": {"action_time": "2025-12-24T10:38:15.478Z", "user": ["Admin_09"], "content_type": ["tickets", "user"], "object_id": "30", "object_repr": "Rashmika_04 (Employee)", "action_flag": 2, "change_message": "[{\"changed\": {\"fields\": [\"First name\", \"Last name\", \"Phone\", \"Department\"]}}]"}}, {"model": "admin.logentry", "pk": 104, "fields": {"action_time": "2025-12-24T10:38:29.751Z", "user": ["Admin_09"], "content_type": ["tickets", "user"], "object_id": "30", "object_repr": "Rashmika_04 (Employee)", "action_flag": 2, "change_message": "[{\"changed\": {\"fields\": [\"Department\"]}}]"}}, {"model": "admin.logentry", "pk": 105, "fields": {"action_time": "2025-12-24T10:40:57.784Z", "user": ["Admin_09"], "content_type": ["tickets", "user"], "object_id": "30", "object_repr": "Rashmika_04 (Employee)", "action_flag": 2, "change_message": "[]"}}, {"model": "admin.logentry", "pk": 106, "fields": {"action_time": "2025-12-27T09:25:33.988Z", "user": ["Admin_09"], "content_type": ["tickets", "emailverification"], "object_id": "29", "object_repr": "EmailVerification object (29)", "action_flag": 2, "change_message": "[]"}}, {"model": "admin.logentry", "pk": 107, "fields": {"action_time": "2025-12-27T09:26:22.794Z", "user": ["Admin_09"], "content_type": ["tickets", "user"], "object_id": "48", "object_repr": "pooja_31 (Employee)", "action_flag": 2, "change_message": "[]"}}, {"model": "admin.logentry", "pk": 108, "fields": {"action_time": "2025-12-27T09:29:03.470Z", "user": ["Admin_09"], "content_type": ["tickets", "user"], "object_id": "48", "object_repr": "pooja_31 (Employee)", "action_flag": 2, "change_message": "[{\"changed\": {\"fields\": [\"Full name\"]}}]"}}, {"model": "admin.logentry", "pk": 109, "fields": {"action_time": "2026-01-03T10:36:35.342Z", "user": ["Admin_09"], "content_type": ["tickets", "emailverification"], "object_id": "49", "object_repr": "EmailVerification object (49)", "action_flag": 2, "change_message": "[]"}}]